vehicle_id,trip_id,brand,district,depot,n_orders,outbound_min,inter_stop_min,handling_min,trip_minutes,weight_kg,volume_m3,weight_cap_kg,volume_cap_m3,weight_fill_pct,volume_fill_pct
VEH003,1,Fresh,Colombo,Peliyagoda,1,24.0,0.0,15.0,39.0,1696.6,10.09,5510.0,26.4,30.791288566243193,38.21969696969697
VEH003,2,Fresh,Kurunegala,Peliyagoda,3,127.0,38.0,45.0,210.0,4593.299999999999,25.039,5510.0,26.4,83.36297640653356,94.84469696969698
VEH006,1,Fresh,Gampaha,Peliyagoda,3,37.0,18.0,46.0,101.0,5249.6,28.72,6840.0,33.4,76.74853801169591,85.98802395209582
VEH006,2,Fresh,Colombo,Peliyagoda,4,24.0,24.0,62.0,110.0,5807.0,31.488999999999997,6840.0,33.4,84.89766081871345,94.27844311377245
VEH007,1,Fresh,Gampaha,Peliyagoda,3,37.0,18.0,45.0,100.0,3484.7999999999997,19.337,3610.0,19.4,96.53185595567867,99.67525773195877
VEH007,2,Fresh,Kalutara,Peliyagoda,3,64.0,24.0,46.0,134.0,2930.2,16.032,3610.0,19.4,81.16897506925208,82.63917525773196
VEH008,1,Fresh,Gampaha,Peliyagoda,2,37.0,9.0,30.0,76.0,1409.2,7.667,3800.0,22.0,37.084210526315786,34.849999999999994
VEH008,2,Fresh,Kalutara,Peliyagoda,1,64.0,0.0,15.0,79.0,1020.6,5.225,3800.0,22.0,26.857894736842105,23.75
VEH009,1,Fresh,Galle,Peliyagoda,2,103.0,9.0,32.0,144.0,480.5,2.371,5800.0,30.0,8.28448275862069,7.903333333333333
VEH009,2,Style,Galle,Peliyagoda,1,103.0,0.0,46.0,149.0,799.0,11.822,5800.0,30.0,13.775862068965518,39.40666666666666
VEH010,1,Fresh,Gampaha,Peliyagoda,2,37.0,9.0,31.0,77.0,974.9000000000001,5.135,6500.0,34.0,14.998461538461541,15.102941176470589
VEH010,2,Fresh,Puttalam,Peliyagoda,1,173.0,0.0,15.0,188.0,402.3,2.38,6500.0,34.0,6.189230769230769,7.0
VEH011,1,Fresh,Galle,Peliyagoda,2,103.0,9.0,31.0,143.0,1103.6,6.383,7200.0,38.0,15.327777777777776,16.79736842105263
VEH011,2,Fresh,Galle,Peliyagoda,1,103.0,0.0,15.0,118.0,747.3,4.307,7200.0,38.0,10.379166666666666,11.334210526315792
VEH013,1,Fresh,Matara,Peliyagoda,1,137.0,0.0,15.0,152.0,461.0,2.23,5800.0,30.0,7.948275862068965,7.433333333333334
VEH014,1,Style,Kurunegala,Peliyagoda,1,127.0,0.0,46.0,173.0,531.8,9.379,7200.0,38.0,7.38611111111111,24.681578947368422
VEH014,2,Fresh,Kurunegala,Peliyagoda,3,127.0,38.0,45.0,210.0,1321.6,7.042,7200.0,38.0,18.355555555555554,18.53157894736842
VEH015,1,Fresh,Matara,Peliyagoda,2,137.0,10.0,30.0,177.0,1142.5,5.725,3800.0,22.0,30.06578947368421,26.022727272727273
VEH015,2,Style,Matara,Peliyagoda,1,137.0,0.0,46.0,183.0,469.2,7.494,3800.0,22.0,12.347368421052632,34.06363636363636
VEH017,1,Fresh,Galle,Peliyagoda,1,103.0,0.0,16.0,119.0,401.4,2.236,3800.0,22.0,10.563157894736841,10.163636363636364
VEH017,2,Fresh,Colombo,Peliyagoda,2,24.0,8.0,30.0,62.0,748.3,4.585,3800.0,22.0,19.692105263157895,20.84090909090909
VEH018,1,Fresh,Kalutara,Peliyagoda,1,64.0,0.0,15.0,79.0,419.5,2.218,3800.0,22.0,11.039473684210526,10.081818181818182
VEH019,1,Fresh,Colombo,Peliyagoda,1,24.0,0.0,15.0,39.0,751.8,3.631,7200.0,38.0,10.441666666666666,9.555263157894736
VEH019,2,Style,Galle,Peliyagoda,1,103.0,0.0,59.0,162.0,516.7,7.858,7200.0,38.0,7.17638888888889,20.678947368421053
VEH024,1,Fresh,Kalutara,Peliyagoda,1,64.0,0.0,16.0,80.0,225.5,1.332,6500.0,34.0,3.4692307692307693,3.9176470588235297
VEH024,2,Fresh,Gampaha,Peliyagoda,1,37.0,0.0,15.0,52.0,664.3,3.378,6500.0,34.0,10.22,9.935294117647059
VEH025,1,Fresh,Kurunegala,Peliyagoda,1,127.0,0.0,15.0,142.0,426.1,2.032,3800.0,22.0,11.213157894736842,9.236363636363636
VEH025,2,Fresh,Colombo,Peliyagoda,2,24.0,8.0,30.0,62.0,1829.7,8.911999999999999,3800.0,22.0,48.15,40.50909090909091
VEH027,1,Tech,Matara,Peliyagoda,1,137.0,0.0,43.0,180.0,477.9,1.55,3800.0,22.0,12.576315789473684,7.045454545454546
VEH027,2,Fresh,Gampaha,Peliyagoda,2,37.0,9.0,31.0,77.0,1536.0,8.646,3800.0,22.0,40.421052631578945,39.300000000000004
VEH028,1,Fresh,Matara,Peliyagoda,1,137.0,0.0,15.0,152.0,561.5,3.388,4200.0,24.0,13.369047619047619,14.116666666666667
VEH028,2,Fresh,Colombo,Peliyagoda,2,24.0,8.0,32.0,64.0,1403.0,7.596,4200.0,24.0,33.404761904761905,31.650000000000002
VEH029,1,Fresh,Kalutara,Peliyagoda,1,64.0,0.0,16.0,80.0,618.1,3.427,5800.0,30.0,10.656896551724138,11.423333333333334
VEH029,2,Fresh,Gampaha,Peliyagoda,3,37.0,18.0,45.0,100.0,1421.5,7.734,5800.0,30.0,24.50862068965517,25.779999999999998
VEH030,1,Fresh,Colombo,Peliyagoda,1,24.0,0.0,15.0,39.0,464.1,2.479,6500.0,34.0,7.14,7.291176470588235
VEH030,2,Fresh,Kalutara,Peliyagoda,2,64.0,12.0,30.0,106.0,749.5,4.044,6500.0,34.0,11.53076923076923,11.894117647058822
VEH031,1,Fresh,Kurunegala,Peliyagoda,1,127.0,0.0,15.0,142.0,504.2,2.482,7200.0,38.0,7.002777777777778,6.531578947368422
VEH031,2,Tech,Colombo,Peliyagoda,1,24.0,0.0,55.0,79.0,896.0,2.741,7200.0,38.0,12.444444444444445,7.213157894736843
VEH032,1,Tech,Colombo,Peliyagoda,2,24.0,8.0,98.0,130.0,3262.1,10.043,4200.0,24.0,77.66904761904762,41.84583333333333
VEH033,1,Fresh,Puttalam,Peliyagoda,1,173.0,0.0,15.0,188.0,532.1,2.618,7200.0,38.0,7.3902777777777775,6.889473684210526
VEH033,2,Fresh,Colombo,Peliyagoda,1,24.0,0.0,16.0,40.0,305.6,1.686,7200.0,38.0,4.244444444444445,4.436842105263158
VEH034,1,Fresh,Puttalam,Peliyagoda,1,173.0,0.0,15.0,188.0,336.9,1.859,3800.0,22.0,8.865789473684211,8.450000000000001
VEH034,2,Fresh,Kalutara,Peliyagoda,1,64.0,0.0,15.0,79.0,286.6,1.631,3800.0,22.0,7.542105263157896,7.413636363636363
VEH036,1,Fresh,Colombo,Peliyagoda,2,24.0,8.0,32.0,64.0,777.6,4.288,1040.0,7.0,74.76923076923077,61.25714285714286
VEH036,2,Fresh,Colombo,Peliyagoda,2,24.0,8.0,31.0,63.0,1032.0,5.728,1040.0,7.0,99.23076923076923,81.82857142857142
VEH037,1,Fresh,Colombo,Peliyagoda,3,24.0,16.0,47.0,87.0,659.5999999999999,3.5500000000000003,1100.0,8.0,59.96363636363635,44.375
VEH038,1,Tech,Kurunegala,Peliyagoda,1,127.0,0.0,43.0,170.0,1006.3,3.72,1200.0,9.0,83.85833333333333,41.333333333333336
VEH038,2,Fresh,Colombo,Peliyagoda,2,24.0,8.0,32.0,64.0,929.6,5.039000000000001,1200.0,9.0,77.46666666666667,55.988888888888894
