row_id,pred_total_volume_m3,pred_chilled_volume_m3
W0000,535.9,194.8
W0001,79.5,0.0
W0002,20.7,0.0
W0003,1016.6,374.4
W0004,143.6,0.0
W0005,34.9,0.0
W0006,616.0,223.9
W0007,104.1,0.0
W0008,22.5,0.0
W0009,1169.6,430.7
W0010,205.1,0.0
W0011,34.1,0.0
W0012,461.2,167.6
W0013,70.9,0.0
W0014,23.2,0.0
W0015,885.3,326.0
W0016,141.9,0.0
W0017,20.1,0.0
W0018,531.4,193.1
W0019,78.3,0.0
W0020,23.4,0.0
W0021,1004.4,369.9
W0022,144.9,0.0
W0023,36.7,0.0
W0024,482.6,175.4
W0025,66.5,0.0
W0026,13.9,0.0
W0027,946.2,348.4
W0028,126.5,0.0
W0029,34.0,0.0
W0030,521.8,189.6
W0031,77.1,0.0
W0032,17.7,0.0
W0033,967.6,356.3
W0034,136.1,0.0
W0035,27.1,0.0
W0036,515.4,187.3
W0037,76.3,0.0
W0038,13.0,0.0
W0039,975.7,359.3
W0040,139.3,0.0
W0041,23.5,0.0
W0042,529.0,192.3
W0043,77.4,0.0
W0044,18.3,0.0
W0045,1030.0,379.3
W0046,138.6,0.0
W0047,25.5,0.0
W0048,545.8,198.4
W0049,81.4,0.0
W0050,25.0,0.0
W0051,1032.7,380.3
W0052,143.5,0.0
W0053,27.6,0.0
W0054,507.9,184.6
W0055,75.6,0.0
W0056,20.1,0.0
W0057,966.1,355.8
W0058,136.9,0.0
W0059,29.6,0.0
